{"stats":{"minecraft:picked_up":{"minecraft:crafting_table":2,"minecraft:yellow_wool":4,"minecraft:string":4,"minecraft:cobbled_deepslate":4,"minecraft:spruce_planks":1,"minecraft:beef":20,"minecraft:oak_boat":3,"minecraft:iron_pickaxe":1,"minecraft:sugar_cane":4,"minecraft:stick":2,"minecraft:raw_iron":42,"minecraft:oak_door":3,"minecraft:oak_fence":33,"minecraft:torch":28,"minecraft:porkchop":33,"minecraft:pointed_dripstone":16,"minecraft:carrot":9,"minecraft:dark_oak_planks":2,"minecraft:arrow":5,"minecraft:rotten_flesh":6,"minecraft:mutton":6,"minecraft:white_wool":7,"minecraft:rail":93,"minecraft:cobblestone":133,"minecraft:andesite":14,"minecraft:leather":13,"minecraft:potato":3,"minecraft:flint":4,"minecraft:oak_log":51,"minecraft:dirt":148,"minecraft:bone":5,"minecraft:wheat_seeds":23,"minecraft:stripped_oak_wood":1,"minecraft:oak_planks":6,"minecraft:oak_slab":12,"minecraft:dandelion":4,"minecraft:dripstone_block":4,"minecraft:gravel":67,"minecraft:mossy_cobblestone":1,"waystones:waystone":3,"minecraft:granite":21,"minecraft:oak_sapling":3,"minecraft:black_wool":1,"minecraft:coal":79},"minecraft:custom":{"lootr:looted_stat":10,"minecraft:mob_kills":54,"minecraft:interact_with_crafting_table":31,"minecraft:leave_game":2,"minecraft:time_since_death":34757,"minecraft:sprint_one_cm":199617,"minecraft:walk_one_cm":236900,"minecraft:damage_blocked_by_shield":705,"minecraft:drop":21,"minecraft:play_time":91480,"minecraft:deaths":1,"minecraft:sneak_time":10490,"minecraft:walk_under_water_one_cm":14453,"minecraft:boat_one_cm":634168,"minecraft:jump":1151,"minecraft:walk_on_water_one_cm":4058,"minecraft:total_world_time":91480,"minecraft:interact_with_furnace":47,"minecraft:time_since_rest":34788,"minecraft:waystone_activated":2,"minecraft:damage_taken":1365,"minecraft:damage_dealt":6996,"minecraft:swim_one_cm":14371,"minecraft:fly_one_cm":220990,"minecraft:open_chest":62,"minecraft:crouch_one_cm":37951,"minecraft:interact_with_smoker":10,"minecraft:fall_one_cm":29429},"minecraft:mined":{"minecraft:dark_oak_planks":2,"minecraft:spruce_planks":1,"minecraft:mossy_cobblestone":1,"minecraft:oak_door":3,"minecraft:granite":21,"minecraft:grass_block":52,"minecraft:kelp":1,"minecraft:carrots":10,"minecraft:iron_ore":38,"minecraft:andesite":14,"minecraft:potatoes":3,"minecraft:pointed_dripstone":12,"minecraft:deepslate_iron_ore":4,"minecraft:rail":93,"minecraft:stone":117,"minecraft:white_wool":2,"minecraft:oak_slab":12,"minecraft:kelp_plant":1,"minecraft:smoker":1,"minecraft:dandelion":6,"minecraft:oak_fence":33,"minecraft:crafting_table":2,"minecraft:torch":18,"minecraft:tall_grass":7,"minecraft:cobblestone":23,"minecraft:sugar_cane":2,"minecraft:oak_planks":6,"minecraft:diorite":1,"minecraft:wall_torch":2,"minecraft:yellow_wool":4,"minecraft:wheat":13,"minecraft:stripped_oak_wood":1,"minecraft:grass":72,"minecraft:coal_ore":79,"minecraft:oak_log":51,"minecraft:gravel":36,"minecraft:dripstone_block":2,"minecraft:dirt":89,"minecraft:oak_leaves":7,"minecraft:deepslate":2},"minecraft:killed_by":{"minecraft:creeper":1},"minecraft:broken":{"minecraft:stone_hoe":1,"minecraft:stone_pickaxe":1,"minecraft:stone_axe":1,"minecraft:iron_pickaxe":1},"minecraft:killed":{"minecraft:spider":3,"minecraft:skeleton":5,"minecraft:chicken":3,"minecraft:pig":15,"minecraft:sheep":6,"minecraft:zombie":9,"minecraft:donkey":1,"minecraft:cow":10},"minecraft:dropped":{"minecraft:dripstone_block":4,"minecraft:granite":1,"minecraft:dirt":1,"minecraft:torch":1,"minecraft:iron_pickaxe":1,"minecraft:dark_oak_planks":2,"minecraft:string":2,"minecraft:bone":5,"minecraft:gravel":1,"minecraft:stone_sword":1,"minecraft:cobbled_deepslate":4,"minecraft:rotten_flesh":2,"minecraft:andesite":11,"minecraft:oak_sapling":1,"minecraft:wooden_pickaxe":1,"waystones:waystone":1},"minecraft:used":{"minecraft:stone_sword":98,"minecraft:iron_shovel":16,"minecraft:stone_shovel":114,"minecraft:spruce_planks":1,"minecraft:chest":3,"minecraft:shield":12,"minecraft:stone_hoe":176,"minecraft:oak_door":3,"minecraft:torch":60,"minecraft:dirt":133,"minecraft:carrot":13,"minecraft:iron_helmet":1,"minecraft:iron_boots":1,"minecraft:bamboo":3,"minecraft:furnace":4,"minecraft:potato":6,"minecraft:cooked_mutton":6,"minecraft:water_bucket":8,"minecraft:stone_pickaxe":140,"minecraft:wooden_pickaxe":13,"minecraft:crafting_table":8,"minecraft:smoker":1,"waystones:waystone":1,"minecraft:bread":7,"minecraft:iron_pickaxe":277,"minecraft:stone_axe":163,"minecraft:cobblestone":12,"minecraft:cooked_porkchop":8,"minecraft:bucket":9,"minecraft:oak_boat":4},"minecraft:crafted":{"minecraft:oak_door":3,"minecraft:oak_planks":84,"minecraft:stone_shovel":1,"minecraft:furnace":4,"minecraft:cooked_mutton":6,"minecraft:iron_boots":1,"minecraft:stone_pickaxe":1,"minecraft:chest":3,"minecraft:stone_hoe":2,"minecraft:cooked_beef":21,"minecraft:cooked_porkchop":33,"minecraft:crafting_table":6,"minecraft:wooden_pickaxe":1,"minecraft:iron_helmet":1,"minecraft:iron_sword":1,"minecraft:bucket":1,"minecraft:stone_axe":2,"minecraft:bread":6,"minecraft:air":0,"minecraft:oak_boat":1,"minecraft:iron_chestplate":1,"minecraft:shield":1,"minecraft:stick":32,"minecraft:iron_ingot":32,"minecraft:iron_pickaxe":2,"minecraft:stone_sword":1,"minecraft:iron_shovel":1,"minecraft:iron_leggings":1,"minecraft:torch":36}},"DataVersion":3465}