{"stats":{"minecraft:picked_up":{"minecraft:crafting_table":8,"minecraft:chicken":12,"minecraft:string":8,"minecraft:raw_copper":6,"minecraft:cherry_boat":3,"minecraft:cobbled_deepslate":10,"minecraft:beef":12,"minecraft:lectern":1,"minecraft:chest":1,"minecraft:egg":3,"minecraft:furnace":4,"minecraft:raw_iron":166,"minecraft:stick":5,"minecraft:porkchop":3,"minecraft:cherry_log":38,"minecraft:pointed_dripstone":9,"minecraft:diorite":2,"minecraft:carrot":5,"minecraft:redstone":30,"minecraft:arrow":4,"minecraft:rotten_flesh":12,"minecraft:hay_block":37,"minecraft:mutton":1,"minecraft:cobblestone":48,"minecraft:pink_petals":1,"minecraft:leather_chestplate":1,"minecraft:feather":10,"minecraft:cherry_planks":2,"minecraft:salmon":2,"minecraft:leather":6,"minecraft:smoker":1,"minecraft:potato":3,"minecraft:oak_log":11,"minecraft:gunpowder":4,"minecraft:lapis_lazuli":200,"minecraft:dirt":21,"minecraft:bone":4,"minecraft:apple":1,"minecraft:wheat_seeds":4,"minecraft:raw_gold":2,"minecraft:iron_sword":1,"minecraft:book":12,"minecraft:dandelion":3,"minecraft:dripstone_block":3,"minecraft:diamond":2,"waystones:waystone":1,"minecraft:granite":2,"minecraft:cherry_sapling":3,"minecraft:black_wool":1,"minecraft:coal":30,"minecraft:ender_pearl":1},"minecraft:custom":{"lootr:looted_stat":3,"minecraft:mob_kills":47,"minecraft:animals_bred":1,"minecraft:interact_with_crafting_table":28,"minecraft:bell_ring":21,"minecraft:leave_game":1,"minecraft:time_since_death":80160,"minecraft:climb_one_cm":1537,"minecraft:sprint_one_cm":219383,"minecraft:walk_one_cm":272350,"minecraft:damage_blocked_by_shield":1770,"minecraft:drop":29,"minecraft:talked_to_villager":2,"minecraft:play_time":99429,"minecraft:deaths":1,"minecraft:sneak_time":7597,"minecraft:walk_under_water_one_cm":13177,"minecraft:boat_one_cm":300350,"minecraft:jump":1513,"minecraft:walk_on_water_one_cm":9159,"minecraft:total_world_time":99429,"minecraft:interact_with_furnace":36,"minecraft:time_since_rest":80187,"minecraft:waystone_activated":1,"minecraft:damage_taken":1037,"minecraft:damage_dealt":6569,"minecraft:swim_one_cm":9224,"minecraft:fly_one_cm":230076,"minecraft:open_chest":9,"minecraft:crouch_one_cm":21615,"minecraft:fall_one_cm":43117},"minecraft:mined":{"minecraft:deepslate_diamond_ore":2,"minecraft:cherry_log":38,"minecraft:granite":2,"minecraft:grass_block":1,"minecraft:hay_block":37,"minecraft:tall_seagrass":1,"minecraft:redstone_ore":3,"minecraft:furnace":4,"minecraft:carrots":5,"minecraft:iron_ore":136,"minecraft:deepslate_lapis_ore":18,"minecraft:potatoes":4,"minecraft:bookshelf":4,"minecraft:pointed_dripstone":2,"minecraft:deepslate_iron_ore":30,"minecraft:stone":41,"minecraft:deepslate_redstone_ore":4,"minecraft:cherry_planks":2,"lootr:lootr_chest":1,"minecraft:crafting_table":8,"minecraft:lectern":1,"minecraft:tall_grass":3,"minecraft:copper_ore":1,"minecraft:cobblestone":7,"minecraft:lapis_ore":12,"minecraft:deepslate_gold_ore":1,"minecraft:diorite":1,"minecraft:pink_petals":1,"minecraft:wheat":3,"minecraft:grass":5,"minecraft:oak_log":11,"minecraft:coal_ore":31,"minecraft:dripstone_block":3,"minecraft:dirt":4,"minecraft:gold_ore":1,"minecraft:oak_leaves":1,"minecraft:deepslate":10},"minecraft:killed_by":{"minecraft:creeper":1},"minecraft:broken":{"minecraft:wooden_axe":1},"minecraft:killed":{"minecraft:spider":3,"minecraft:skeleton":6,"minecraft:chicken":9,"minecraft:pig":2,"minecraft:salmon":2,"minecraft:creeper":2,"minecraft:sheep":1,"minecraft:zombie":12,"minecraft:cow":7,"minecraft:enderman":1},"minecraft:dropped":{"minecraft:wheat_seeds":1,"minecraft:dripstone_block":3,"minecraft:feather":9,"minecraft:dirt":16,"minecraft:diorite":2,"minecraft:string":8,"minecraft:pink_petals":1,"minecraft:dandelion":1,"minecraft:bone":4,"minecraft:cobbled_deepslate":9,"minecraft:raw_copper":4,"minecraft:pointed_dripstone":6,"minecraft:rotten_flesh":5,"minecraft:leather_chestplate":1,"minecraft:gunpowder":2,"minecraft:arrow":4,"minecraft:wooden_pickaxe":1,"minecraft:egg":3},"minecraft:crafted":{"minecraft:cherry_planks":72,"minecraft:oak_planks":44,"minecraft:furnace":1,"minecraft:cherry_boat":1,"minecraft:iron_boots":1,"minecraft:iron_axe":1,"minecraft:stone_pickaxe":1,"minecraft:wheat":333,"minecraft:cooked_beef":2,"minecraft:cooked_porkchop":3,"minecraft:crafting_table":1,"minecraft:wooden_pickaxe":1,"minecraft:iron_helmet":1,"minecraft:iron_sword":1,"minecraft:bucket":1,"minecraft:stone_axe":1,"minecraft:bread":111,"minecraft:air":0,"minecraft:iron_chestplate":1,"minecraft:shield":1,"minecraft:stick":96,"minecraft:iron_ingot":52,"minecraft:iron_pickaxe":2,"minecraft:wooden_axe":1,"minecraft:stone_sword":1,"minecraft:iron_leggings":1,"minecraft:torch":20},"minecraft:used":{"minecraft:cherry_boat":3,"minecraft:stone_sword":21,"minecraft:chest":1,"minecraft:shield":27,"minecraft:iron_sword":47,"minecraft:iron_chestplate":1,"minecraft:torch":5,"minecraft:dirt":5,"minecraft:wooden_axe":49,"minecraft:iron_axe":7,"minecraft:iron_helmet":1,"minecraft:iron_boots":1,"minecraft:furnace":4,"minecraft:cooked_beef":2,"minecraft:potato":9,"minecraft:iron_leggings":1,"minecraft:water_bucket":12,"minecraft:stone_pickaxe":83,"minecraft:wooden_pickaxe":12,"minecraft:cherry_planks":11,"minecraft:salmon":2,"minecraft:crafting_table":8,"minecraft:chicken":8,"minecraft:bread":10,"minecraft:iron_pickaxe":216,"minecraft:stone_axe":69,"minecraft:cobblestone":11,"minecraft:cooked_porkchop":3,"minecraft:bucket":13}},"DataVersion":3465}