{"stats":{"minecraft:picked_up":{"minecraft:pink_petals":18,"minecraft:crafting_table":3,"minecraft:feather":2,"minecraft:cooked_beef":1,"minecraft:chicken":2,"minecraft:cherry_planks":2,"minecraft:brown_wool":1,"minecraft:leather":1,"minecraft:oak_log":27,"minecraft:dirt":35,"minecraft:string":1,"minecraft:raw_copper":5,"minecraft:cooked_mutton":1,"minecraft:bone":1,"minecraft:wheat_seeds":1,"minecraft:beef":5,"minecraft:oak_boat":3,"minecraft:furnace":1,"minecraft:raw_iron":2,"minecraft:torch":5,"minecraft:porkchop":13,"minecraft:spruce_sapling":1,"minecraft:white_bed":1,"minecraft:spruce_log":9,"minecraft:stone_axe":1,"minecraft:cherry_sapling":2,"minecraft:black_wool":2,"minecraft:mutton":6,"minecraft:coal":7,"minecraft:white_wool":2,"minecraft:cobblestone":42},"minecraft:custom":{"lootr:looted_stat":1,"minecraft:interact_with_furnace":39,"minecraft:mob_kills":16,"minecraft:interact_with_crafting_table":12,"minecraft:leave_game":1,"minecraft:time_since_death":19274,"minecraft:sleep_in_bed":2,"minecraft:time_since_rest":26,"minecraft:sprint_one_cm":220033,"minecraft:damage_taken":2030,"minecraft:walk_one_cm":124072,"minecraft:drop":1,"minecraft:damage_dealt":1737,"minecraft:swim_one_cm":14820,"minecraft:fly_one_cm":151068,"minecraft:open_chest":2,"minecraft:crouch_one_cm":1998,"minecraft:play_time":60004,"minecraft:deaths":4,"minecraft:sneak_time":559,"minecraft:walk_under_water_one_cm":5263,"minecraft:boat_one_cm":339435,"minecraft:jump":1014,"minecraft:walk_on_water_one_cm":6407,"minecraft:total_world_time":60004,"minecraft:fall_one_cm":28515},"minecraft:mined":{"minecraft:white_bed":1,"minecraft:cherry_log":1,"minecraft:powder_snow":65,"minecraft:crafting_table":4,"minecraft:torch":2,"minecraft:grass_block":7,"minecraft:tall_grass":5,"minecraft:copper_ore":1,"minecraft:spruce_leaves":10,"minecraft:sugar_cane":2,"minecraft:wall_torch":1,"minecraft:pink_petals":8,"minecraft:furnace":1,"minecraft:iron_ore":2,"minecraft:ice":2,"minecraft:spruce_log":9,"minecraft:grass":11,"minecraft:black_wool":1,"minecraft:oak_log":10,"minecraft:coal_ore":6,"minecraft:dirt":28,"minecraft:packed_ice":1,"minecraft:stone":42,"minecraft:oak_leaves":4},"minecraft:killed_by":{"minecraft:skeleton":2,"minecraft:creeper":1,"minecraft:spider":1},"minecraft:killed":{"minecraft:pig":4,"minecraft:skeleton":1,"minecraft:sheep":4,"minecraft:horse":1,"minecraft:chicken":2,"minecraft:cow":2},"minecraft:dropped":{"minecraft:stone_axe":1},"minecraft:used":{"minecraft:cooked_mutton":7,"minecraft:stone_sword":42,"minecraft:stone_pickaxe":27,"minecraft:oak_planks":19,"minecraft:wooden_pickaxe":37,"minecraft:white_wool":1,"minecraft:torch":13,"minecraft:dirt":27,"minecraft:crafting_table":4,"minecraft:white_bed":1,"minecraft:spruce_log":5,"minecraft:wooden_axe":11,"minecraft:black_wool":1,"minecraft:stone_axe":34,"minecraft:pink_petals":2,"minecraft:cobblestone":28,"minecraft:cooked_porkchop":3,"minecraft:furnace":2,"minecraft:porkchop":2,"minecraft:oak_boat":4,"minecraft:cooked_beef":1},"minecraft:crafted":{"minecraft:cooked_beef":6,"minecraft:wooden_sword":1,"minecraft:oak_planks":92,"minecraft:cooked_porkchop":4,"minecraft:crafting_table":2,"minecraft:wooden_pickaxe":1,"minecraft:cooked_chicken":1,"minecraft:furnace":1,"minecraft:stone_axe":1,"minecraft:cooked_mutton":6,"minecraft:air":0,"minecraft:oak_boat":2,"minecraft:stick":40,"minecraft:stone_pickaxe":1,"minecraft:wooden_axe":1,"minecraft:stone_sword":1,"minecraft:torch":28}},"DataVersion":3465}