{"stats":{"minecraft:picked_up":{"minecraft:birch_log":15,"minecraft:pink_petals":485,"minecraft:crafting_table":6,"minecraft:azure_bluet":1,"minecraft:oak_log":11,"minecraft:dirt":464,"minecraft:kelp":3,"minecraft:wheat_seeds":15,"minecraft:oak_boat":2,"minecraft:poppy":2,"minecraft:oak_planks":8,"minecraft:egg":1,"minecraft:stick":2,"minecraft:raw_iron":9,"minecraft:sandstone":55,"minecraft:dandelion":10,"minecraft:sand":247,"minecraft:cherry_log":19,"minecraft:white_bed":2,"minecraft:rotten_flesh":2,"minecraft:granite":1,"minecraft:cherry_sapling":4,"minecraft:mutton":5,"minecraft:coal":31,"minecraft:snowball":202,"minecraft:white_wool":4,"minecraft:cobblestone":23},"minecraft:custom":{"lootr:looted_stat":5,"minecraft:interact_with_furnace":4,"minecraft:mob_kills":5,"minecraft:interact_with_crafting_table":19,"minecraft:time_since_death":18799,"minecraft:time_since_rest":18823,"minecraft:sprint_one_cm":151314,"minecraft:damage_taken":2280,"minecraft:walk_one_cm":355627,"minecraft:drop":29,"minecraft:damage_dealt":676,"minecraft:swim_one_cm":1034,"minecraft:talked_to_villager":1,"minecraft:fly_one_cm":179500,"minecraft:open_chest":4,"minecraft:crouch_one_cm":449,"minecraft:play_time":106051,"minecraft:deaths":8,"minecraft:sneak_time":183,"minecraft:walk_under_water_one_cm":15804,"minecraft:boat_one_cm":775350,"minecraft:jump":2133,"minecraft:walk_on_water_one_cm":6031,"minecraft:total_world_time":106051,"minecraft:fall_one_cm":45409},"minecraft:mined":{"minecraft:snow_block":49,"minecraft:cherry_log":19,"minecraft:dandelion":9,"minecraft:powder_snow":10,"minecraft:crafting_table":5,"minecraft:granite":1,"minecraft:grass_block":432,"minecraft:poppy":2,"minecraft:tall_grass":8,"minecraft:kelp":2,"minecraft:sandstone":55,"minecraft:pink_petals":172,"minecraft:birch_log":15,"minecraft:iron_ore":9,"minecraft:snow":10,"minecraft:ice":4,"minecraft:birch_leaves":2,"minecraft:azure_bluet":1,"minecraft:grass":70,"minecraft:oak_log":11,"minecraft:coal_ore":31,"minecraft:cherry_leaves":38,"minecraft:sand":253,"minecraft:dirt":28,"minecraft:packed_ice":6,"minecraft:stone":20,"minecraft:oak_leaves":1},"minecraft:killed_by":{"minecraft:player":1,"minecraft:skeleton":2,"minecraft:zombie":1,"minecraft:enderman":1,"minecraft:drowned":2},"minecraft:broken":{"minecraft:wooden_shovel":9,"minecraft:golden_pickaxe":1,"minecraft:wooden_pickaxe":1},"minecraft:killed":{"minecraft:sheep":4,"minecraft:zombie":1},"minecraft:dropped":{"minecraft:kelp":3,"minecraft:wheat_seeds":5,"minecraft:cobblestone":4,"minecraft:rotten_flesh":1,"minecraft:azure_bluet":1,"minecraft:white_bed":1,"minecraft:poppy":2,"minecraft:snowball":2,"minecraft:dandelion":10},"minecraft:crafted":{"minecraft:cherry_planks":76,"minecraft:oak_planks":44,"minecraft:wooden_shovel":9,"minecraft:crafting_table":6,"minecraft:wooden_pickaxe":1,"minecraft:cherry_button":16,"minecraft:furnace":1,"minecraft:cherry_boat":1,"minecraft:birch_planks":4,"minecraft:cooked_mutton":4,"minecraft:oak_boat":3,"minecraft:stick":24,"minecraft:stone_pickaxe":1,"minecraft:wooden_axe":1,"minecraft:chest":1,"minecraft:snow_block":50,"minecraft:white_bed":1},"minecraft:used":{"minecraft:cherry_boat":1,"minecraft:cooked_mutton":4,"minecraft:stone_pickaxe":11,"minecraft:chest":1,"minecraft:wooden_pickaxe":58,"minecraft:wooden_shovel":532,"minecraft:dirt":28,"minecraft:sand":123,"minecraft:crafting_table":10,"minecraft:granite":1,"minecraft:wooden_axe":15,"minecraft:pink_petals":3,"minecraft:golden_sword":11,"minecraft:cobblestone":8,"minecraft:furnace":1,"minecraft:oak_boat":4,"minecraft:egg":1,"minecraft:golden_pickaxe":55}},"DataVersion":3465}