{"stats":{"minecraft:picked_up":{"minecraft:crafting_table":1,"minecraft:chicken":2,"minecraft:string":3,"minecraft:raw_copper":23,"minecraft:cobbled_deepslate":15,"minecraft:beef":14,"minecraft:light_gray_wool":1,"minecraft:chest":2,"minecraft:egg":1,"minecraft:golden_helmet":1,"minecraft:stick":13,"minecraft:raw_iron":24,"minecraft:torch":6,"minecraft:porkchop":12,"minecraft:cherry_log":36,"minecraft:diorite":1,"minecraft:golden_chestplate":1,"minecraft:arrow":6,"minecraft:rotten_flesh":5,"minecraft:mutton":18,"minecraft:white_wool":14,"minecraft:cobblestone":79,"minecraft:pink_petals":83,"minecraft:feather":5,"minecraft:cooked_beef":7,"minecraft:cherry_planks":16,"minecraft:salmon":1,"minecraft:leather":5,"minecraft:golden_leggings":1,"minecraft:tuff":3,"minecraft:oak_log":4,"minecraft:lapis_lazuli":40,"minecraft:dirt":26,"minecraft:bone":3,"minecraft:kelp":2,"minecraft:wheat_seeds":4,"minecraft:raw_gold":11,"minecraft:oak_planks":16,"minecraft:pink_bed":3,"minecraft:cooked_porkchop":6,"minecraft:dandelion":3,"minecraft:gravel":3,"minecraft:sand":27,"minecraft:white_bed":1,"minecraft:spider_eye":2,"minecraft:diamond":2,"minecraft:cherry_sapling":21,"minecraft:emerald":2,"minecraft:oak_sapling":6,"minecraft:coal":83},"minecraft:custom":{"lootr:looted_stat":5,"minecraft:mob_kills":50,"minecraft:interact_with_crafting_table":39,"minecraft:leave_game":1,"minecraft:time_since_death":41908,"minecraft:sprint_one_cm":227204,"minecraft:walk_one_cm":170566,"minecraft:drop":34,"minecraft:talked_to_villager":2,"minecraft:play_time":98076,"minecraft:deaths":10,"minecraft:sneak_time":10801,"minecraft:walk_under_water_one_cm":27867,"minecraft:boat_one_cm":343361,"minecraft:jump":1947,"minecraft:walk_on_water_one_cm":22464,"minecraft:total_world_time":98076,"minecraft:interact_with_furnace":65,"minecraft:sleep_in_bed":3,"minecraft:time_since_rest":14940,"minecraft:damage_taken":4257,"minecraft:damage_dealt":6662,"minecraft:swim_one_cm":23980,"minecraft:fly_one_cm":410366,"minecraft:open_chest":14,"minecraft:crouch_one_cm":38728,"minecraft:fish_caught":3,"minecraft:fall_one_cm":86140},"minecraft:mined":{"minecraft:tuff":3,"minecraft:white_bed":2,"minecraft:pink_bed":3,"minecraft:deepslate_diamond_ore":2,"minecraft:sculk_vein":13,"minecraft:cherry_log":36,"minecraft:cherry_sapling":2,"minecraft:granite":1,"minecraft:grass_block":19,"minecraft:kelp":2,"minecraft:iron_ore":3,"minecraft:cobbled_deepslate":3,"minecraft:andesite":19,"minecraft:deepslate_lapis_ore":6,"minecraft:deepslate_iron_ore":22,"minecraft:stone":73,"minecraft:cherry_planks":18,"minecraft:dandelion":4,"minecraft:crafting_table":1,"minecraft:torch":3,"minecraft:emerald_ore":2,"minecraft:sculk_sensor":1,"minecraft:tall_grass":12,"minecraft:copper_ore":4,"minecraft:deepslate_gold_ore":11,"minecraft:sculk":259,"minecraft:diorite":1,"minecraft:wall_torch":2,"minecraft:deepslate_copper_ore":2,"minecraft:pink_petals":30,"minecraft:oak_log":4,"minecraft:grass":33,"minecraft:coal_ore":83,"minecraft:cherry_leaves":4,"minecraft:sunflower":9,"minecraft:sand":27,"minecraft:dirt":16,"minecraft:oak_leaves":2,"minecraft:deepslate":12},"minecraft:killed_by":{"minecraft:skeleton":8,"minecraft:zombie":1},"minecraft:broken":{"minecraft:golden_chestplate":1,"minecraft:iron_hoe":1},"minecraft:killed":{"minecraft:spider":4,"minecraft:skeleton":6,"minecraft:drowned":1,"minecraft:pig":9,"minecraft:creeper":2,"minecraft:sheep":14,"minecraft:zombie":8,"minecraft:cow":6},"minecraft:dropped":{"minecraft:iron_ingot":4,"minecraft:wheat_seeds":1,"minecraft:glow_ink_sac":2,"minecraft:diamond":1,"minecraft:crafting_table":1,"minecraft:poisonous_potato":4,"minecraft:cobblestone":1,"minecraft:coal":48,"minecraft:iron_axe":1,"minecraft:iron_pickaxe":2,"minecraft:string":1,"minecraft:dandelion":3,"minecraft:gravel":1,"minecraft:furnace":1,"minecraft:stone_axe":2,"minecraft:kelp":2,"minecraft:raw_iron":10,"minecraft:chicken":2,"minecraft:rotten_flesh":1,"minecraft:carrot":4,"minecraft:suspicious_stew":1,"minecraft:spider_eye":1,"minecraft:bamboo":2,"minecraft:stone_pickaxe":1},"minecraft:crafted":{"minecraft:cherry_planks":144,"minecraft:oak_planks":16,"minecraft:cherry_slab":6,"minecraft:pink_bed":2,"minecraft:cherry_boat":1,"minecraft:pink_dye":2,"minecraft:cooked_mutton":7,"minecraft:glass":8,"minecraft:iron_boots":1,"minecraft:iron_hoe":1,"minecraft:stone_pickaxe":2,"minecraft:chest":1,"minecraft:cooked_beef":4,"minecraft:oak_slab":18,"minecraft:cooked_porkchop":1,"minecraft:crafting_table":5,"minecraft:wooden_pickaxe":1,"minecraft:iron_helmet":1,"minecraft:iron_sword":1,"minecraft:bucket":1,"minecraft:stone_axe":3,"minecraft:air":0,"minecraft:iron_chestplate":1,"minecraft:diamond_pickaxe":1,"minecraft:stick":20,"minecraft:iron_ingot":33,"minecraft:iron_pickaxe":1,"minecraft:wooden_axe":1,"minecraft:cherry_door":3,"minecraft:iron_shovel":1,"minecraft:iron_leggings":1,"minecraft:white_bed":4,"minecraft:torch":36},"minecraft:used":{"minecraft:cherry_boat":1,"minecraft:iron_shovel":34,"minecraft:chest":3,"minecraft:iron_sword":85,"minecraft:rotten_flesh":1,"minecraft:torch":48,"minecraft:dirt":1,"minecraft:iron_hoe":250,"minecraft:wooden_axe":36,"minecraft:cherry_slab":4,"minecraft:cooked_beef":10,"minecraft:cobbled_deepslate":18,"minecraft:cooked_mutton":7,"minecraft:water_bucket":37,"minecraft:diorite":1,"minecraft:stone_pickaxe":51,"minecraft:leather_chestplate":1,"minecraft:wooden_pickaxe":9,"minecraft:cherry_planks":106,"minecraft:oak_slab":16,"minecraft:crafting_table":4,"minecraft:white_bed":3,"minecraft:diamond_pickaxe":60,"minecraft:cherry_door":2,"minecraft:iron_pickaxe":130,"minecraft:stone_axe":76,"minecraft:pink_bed":3,"minecraft:fishing_rod":4,"minecraft:cobblestone":10,"minecraft:cooked_porkchop":4,"minecraft:bucket":38}},"DataVersion":3465}