{"stats":{"minecraft:picked_up":{"minecraft:fishing_rod":1,"minecraft:crafting_table":8,"minecraft:wheat":6,"minecraft:chicken":4,"minecraft:smithing_table":1,"minecraft:string":1,"minecraft:raw_copper":24,"minecraft:iron_axe":1,"minecraft:iron_leggings":1,"minecraft:pufferfish":1,"minecraft:cherry_boat":1,"minecraft:cobbled_deepslate":19,"minecraft:iron_pickaxe":2,"minecraft:furnace":6,"minecraft:egg":1,"minecraft:raw_iron":37,"minecraft:oak_fence":1,"minecraft:torch":8,"minecraft:porkchop":9,"minecraft:diorite":21,"minecraft:carrot":30,"minecraft:rotten_flesh":14,"minecraft:cod":4,"minecraft:cobblestone":39,"minecraft:feather":1,"minecraft:glow_ink_sac":4,"minecraft:andesite":1,"minecraft:salmon":14,"minecraft:potato":8,"minecraft:tuff":2,"minecraft:oak_log":29,"minecraft:dirt":5,"minecraft:kelp":21,"minecraft:wheat_seeds":16,"minecraft:raw_gold":1,"minecraft:iron_ingot":25,"minecraft:stone_pickaxe":1,"minecraft:glowstone_dust":4,"minecraft:oak_planks":1,"minecraft:pink_bed":2,"minecraft:gravel":6,"minecraft:spider_eye":1,"minecraft:mossy_cobblestone":1,"minecraft:diamond":3,"minecraft:stone_axe":1,"minecraft:granite":3,"minecraft:bone_meal":2,"minecraft:emerald":1,"minecraft:coal":114},"minecraft:custom":{"lootr:looted_stat":5,"minecraft:mob_kills":26,"minecraft:interact_with_crafting_table":16,"minecraft:bell_ring":48,"minecraft:leave_game":1,"minecraft:time_since_death":23215,"minecraft:sprint_one_cm":292857,"minecraft:walk_one_cm":125244,"minecraft:drop":13,"minecraft:talked_to_villager":3,"minecraft:play_time":92326,"minecraft:deaths":9,"minecraft:sneak_time":2229,"minecraft:walk_under_water_one_cm":36629,"minecraft:boat_one_cm":307561,"minecraft:jump":1301,"minecraft:walk_on_water_one_cm":36545,"minecraft:total_world_time":92326,"minecraft:interact_with_furnace":37,"minecraft:sleep_in_bed":5,"minecraft:time_since_rest":15355,"minecraft:damage_taken":3493,"minecraft:damage_dealt":2498,"minecraft:fly_one_cm":191816,"minecraft:swim_one_cm":144232,"minecraft:open_chest":11,"minecraft:crouch_one_cm":2488,"minecraft:fish_caught":6,"minecraft:fall_one_cm":52017},"minecraft:mined":{"minecraft:tuff":2,"minecraft:pink_bed":2,"minecraft:deepslate_diamond_ore":2,"minecraft:sculk_vein":1,"minecraft:granite":3,"minecraft:grass_block":2,"minecraft:kelp":1,"minecraft:tall_seagrass":3,"minecraft:carrots":30,"minecraft:glowstone":1,"minecraft:furnace":5,"minecraft:iron_ore":13,"minecraft:cobbled_deepslate":2,"minecraft:andesite":1,"minecraft:potatoes":7,"minecraft:deepslate_iron_ore":13,"minecraft:stone":34,"minecraft:smithing_table":1,"minecraft:crafting_table":8,"minecraft:torch":3,"minecraft:emerald_ore":1,"minecraft:cobblestone":3,"minecraft:copper_ore":6,"minecraft:deepslate_gold_ore":1,"minecraft:sculk":34,"minecraft:diorite":21,"minecraft:wall_torch":5,"minecraft:seagrass":3,"minecraft:wheat":7,"minecraft:grass":7,"minecraft:oak_log":29,"minecraft:coal_ore":60,"minecraft:gravel":5,"minecraft:dirt":2,"minecraft:oak_leaves":2,"minecraft:deepslate":17},"minecraft:killed_by":{"minecraft:drowned":1,"minecraft:skeleton":7,"minecraft:zombie":1},"minecraft:killed":{"minecraft:spider":1,"minecraft:chicken":2,"minecraft:drowned":2,"minecraft:pig":4,"minecraft:zombie_villager":1,"minecraft:salmon":12,"minecraft:zombie":4},"minecraft:dropped":{"minecraft:iron_ingot":1,"minecraft:wheat_seeds":2,"minecraft:iron_leggings":1,"minecraft:iron_pickaxe":1,"minecraft:wheat":2,"minecraft:rotten_flesh":11,"minecraft:oak_planks":17},"minecraft:crafted":{"minecraft:oak_planks":92,"minecraft:pink_bed":1,"minecraft:cooked_chicken":2,"minecraft:furnace":2,"minecraft:bone_meal":9,"minecraft:pink_dye":3,"minecraft:iron_boots":1,"minecraft:iron_axe":1,"minecraft:stone_pickaxe":1,"minecraft:chest":1,"minecraft:cooked_porkchop":9,"minecraft:crafting_table":1,"minecraft:wooden_pickaxe":1,"minecraft:bucket":1,"minecraft:stone_axe":1,"minecraft:bread":7,"minecraft:air":0,"minecraft:oak_boat":1,"minecraft:iron_chestplate":1,"minecraft:pink_wool":3,"minecraft:shield":1,"minecraft:stick":16,"minecraft:iron_ingot":16,"minecraft:iron_pickaxe":1,"minecraft:iron_leggings":2,"minecraft:torch":12},"minecraft:used":{"minecraft:oak_fence":1,"minecraft:cherry_boat":1,"minecraft:moss_block":1,"minecraft:chest":1,"minecraft:rotten_flesh":5,"minecraft:cooked_chicken":2,"minecraft:torch":9,"minecraft:dirt":5,"minecraft:carrot":4,"minecraft:granite":3,"minecraft:iron_axe":63,"minecraft:furnace":6,"minecraft:cobbled_deepslate":7,"minecraft:wheat_seeds":13,"minecraft:water_bucket":1,"minecraft:diorite":21,"minecraft:stone_pickaxe":73,"minecraft:oak_planks":5,"minecraft:wooden_pickaxe":17,"minecraft:salmon":9,"minecraft:mossy_cobblestone":1,"minecraft:oak_slab":2,"minecraft:crafting_table":9,"minecraft:bread":1,"minecraft:iron_pickaxe":104,"minecraft:map":1,"minecraft:gravel":5,"minecraft:golden_helmet":1,"minecraft:stone_axe":13,"minecraft:pink_bed":3,"minecraft:fishing_rod":6,"minecraft:cobblestone":19,"minecraft:cooked_porkchop":9,"minecraft:andesite":1,"minecraft:bucket":2,"minecraft:oak_boat":1,"minecraft:experience_bottle":1}},"DataVersion":3465}