{"stats":{"minecraft:picked_up":{"minecraft:wooden_axe":1,"minecraft:fishing_rod":1,"minecraft:crafting_table":5,"minecraft:chicken":6,"minecraft:wooden_pickaxe":2,"minecraft:enchanted_book":1,"minecraft:string":4,"minecraft:pufferfish":1,"minecraft:cobbled_deepslate":73,"minecraft:beef":9,"minecraft:light_gray_wool":1,"minecraft:chest":4,"minecraft:birch_sapling":1,"minecraft:furnace":2,"minecraft:stick":3,"minecraft:raw_iron":29,"minecraft:oak_door":5,"minecraft:torch":7,"minecraft:bowl":1,"minecraft:porkchop":1,"minecraft:cherry_log":53,"minecraft:pointed_dripstone":2,"minecraft:redstone":81,"minecraft:arrow":3,"minecraft:rotten_flesh":12,"minecraft:mutton":6,"minecraft:cod":7,"minecraft:white_wool":1,"minecraft:cobblestone":282,"minecraft:birch_log":6,"minecraft:pink_petals":14,"minecraft:feather":10,"minecraft:cherry_planks":5,"minecraft:salmon":2,"minecraft:leather":8,"minecraft:potato":2,"minecraft:tuff":5,"minecraft:oak_log":21,"minecraft:lily_pad":1,"minecraft:gunpowder":2,"minecraft:lapis_lazuli":19,"minecraft:dirt":37,"minecraft:bone":3,"minecraft:kelp":10,"minecraft:wheat_seeds":10,"minecraft:raw_gold":11,"minecraft:iron_ingot":4,"minecraft:oak_planks":1,"minecraft:pink_bed":2,"minecraft:oak_slab":3,"minecraft:birch_boat":3,"minecraft:dripstone_block":1,"minecraft:gravel":3,"minecraft:white_bed":1,"minecraft:spider_eye":1,"minecraft:diamond":3,"minecraft:stone_axe":1,"minecraft:granite":8,"minecraft:cherry_sapling":2,"minecraft:gray_wool":2,"minecraft:coal":48,"minecraft:ender_pearl":1},"minecraft:custom":{"minecraft:interact_with_smithing_table":2,"lootr:looted_stat":5,"minecraft:mob_kills":32,"minecraft:interact_with_crafting_table":20,"minecraft:leave_game":1,"minecraft:time_since_death":25434,"minecraft:sprint_one_cm":125395,"minecraft:walk_one_cm":222313,"minecraft:drop":36,"minecraft:play_time":102364,"minecraft:deaths":4,"minecraft:sneak_time":353,"minecraft:walk_under_water_one_cm":29775,"minecraft:boat_one_cm":456652,"minecraft:jump":1249,"minecraft:walk_on_water_one_cm":28526,"minecraft:total_world_time":102364,"minecraft:interact_with_furnace":82,"minecraft:time_since_rest":25480,"minecraft:damage_taken":2229,"minecraft:damage_dealt":5204,"minecraft:player_kills":1,"minecraft:fly_one_cm":78331,"minecraft:swim_one_cm":36244,"minecraft:open_chest":12,"minecraft:crouch_one_cm":829,"minecraft:fish_caught":9,"minecraft:fall_one_cm":27424},"minecraft:mined":{"minecraft:tuff":5,"minecraft:mossy_cobblestone":1,"minecraft:pink_bed":1,"minecraft:deepslate_diamond_ore":3,"minecraft:oak_door":6,"minecraft:cherry_log":57,"minecraft:granite":4,"minecraft:grass_block":11,"minecraft:furnace":1,"minecraft:iron_ore":15,"minecraft:deepslate_lapis_ore":3,"minecraft:potatoes":1,"minecraft:pointed_dripstone":1,"minecraft:deepslate_iron_ore":14,"minecraft:stone":280,"minecraft:deepslate_redstone_ore":18,"minecraft:oak_slab":3,"minecraft:kelp_plant":2,"minecraft:oak_fence":1,"minecraft:crafting_table":5,"minecraft:torch":5,"minecraft:chest":4,"minecraft:cobblestone":3,"minecraft:tall_grass":5,"minecraft:deepslate_gold_ore":11,"minecraft:oak_planks":1,"minecraft:wall_torch":1,"minecraft:birch_log":6,"minecraft:wheat":1,"minecraft:birch_leaves":1,"minecraft:grass":21,"minecraft:oak_log":23,"minecraft:coal_ore":50,"minecraft:cherry_leaves":1,"minecraft:dirt":24,"minecraft:gravel":3,"minecraft:dripstone_block":1,"minecraft:deepslate":77},"minecraft:killed_by":{"minecraft:drowned":1,"minecraft:skeleton":3},"minecraft:broken":{"minecraft:iron_pickaxe":1},"minecraft:killed":{"minecraft:spider":3,"minecraft:skeleton":2,"minecraft:horse":3,"minecraft:chicken":4,"minecraft:pig":1,"minecraft:creeper":1,"minecraft:sheep":4,"minecraft:zombie":10,"minecraft:cow":3,"minecraft:enderman":1},"minecraft:dropped":{"minecraft:iron_ingot":24,"minecraft:porkchop":1,"minecraft:wheat_seeds":5,"minecraft:cooked_beef":8,"minecraft:oak_log":17,"minecraft:cooked_porkchop":6,"minecraft:feather":10,"minecraft:cobblestone":5,"minecraft:granite":4,"minecraft:stick":2,"minecraft:pufferfish":1,"minecraft:wooden_axe":1,"minecraft:string":2,"minecraft:pink_petals":7,"minecraft:fishing_rod":1,"minecraft:lily_pad":1,"minecraft:white_wool":1,"minecraft:oak_door":1,"minecraft:stone_axe":1,"minecraft:kelp":5,"minecraft:pink_bed":1,"minecraft:bowl":1,"minecraft:birch_sapling":1,"minecraft:chicken":2,"minecraft:light_gray_wool":1,"minecraft:white_bed":1,"minecraft:filled_map":1,"minecraft:chest":2,"minecraft:spider_eye":1,"minecraft:wooden_pickaxe":2},"minecraft:crafted":{"minecraft:cherry_planks":108,"minecraft:oak_planks":16,"minecraft:birch_boat":1,"minecraft:cooked_chicken":1,"minecraft:furnace":2,"minecraft:cherry_boat":1,"minecraft:cooked_mutton":9,"minecraft:glass":19,"minecraft:iron_boots":1,"minecraft:stone_pickaxe":4,"minecraft:chest":6,"minecraft:cooked_beef":15,"minecraft:cooked_porkchop":12,"minecraft:crafting_table":3,"minecraft:wooden_pickaxe":2,"minecraft:iron_helmet":1,"minecraft:birch_planks":24,"minecraft:stone_axe":2,"minecraft:air":0,"minecraft:iron_chestplate":1,"minecraft:diamond_pickaxe":1,"minecraft:stick":36,"minecraft:iron_ingot":31,"minecraft:iron_pickaxe":1,"minecraft:wooden_axe":2,"minecraft:stone_sword":2,"minecraft:iron_leggings":1,"minecraft:torch":24},"minecraft:used":{"minecraft:cherry_boat":1,"minecraft:cherry_sapling":2,"minecraft:stone_sword":118,"minecraft:chest":4,"minecraft:cooked_chicken":1,"minecraft:iron_chestplate":1,"minecraft:torch":17,"minecraft:dirt":21,"minecraft:carrot":1,"minecraft:tuff":5,"minecraft:glass":8,"minecraft:wooden_axe":59,"minecraft:furnace":4,"minecraft:cooked_beef":1,"minecraft:cobbled_deepslate":16,"minecraft:cooked_mutton":6,"minecraft:stone_pickaxe":148,"minecraft:wooden_pickaxe":79,"minecraft:birch_boat":4,"minecraft:oak_slab":2,"minecraft:crafting_table":6,"minecraft:diamond_pickaxe":15,"minecraft:iron_pickaxe":251,"minecraft:map":1,"minecraft:gravel":1,"minecraft:stone_axe":62,"minecraft:pink_bed":1,"minecraft:fishing_rod":12,"minecraft:cobblestone":90,"minecraft:cooked_porkchop":6}},"DataVersion":3465}